{
  "params": {
    "batch_size": 32,
    "model_name": "sentence-transformers/all-MiniLM-L6-v2",
    "base_lr": 1e-05,
    "negative_evidence_size": 8
  },
  "loss_record": [
    0.4820743799209595,
    0.5185757875442505,
    0.40944457054138184,
    0.30960649251937866,
    0.44330382347106934,
    0.18389108777046204,
    0.3854522109031677,
    0.21696865558624268,
    0.23287586867809296,
    0.13885833323001862,
    0.2037399411201477,
    0.19012080132961273,
    0.25851455330848694,
    0.14345242083072662,
    0.2191770076751709,
    0.2898225486278534,
    0.12837105989456177,
    0.13948197662830353,
    0.17292705178260803,
    0.1740710437297821,
    0.2143929898738861,
    0.15616488456726074,
    0.23615574836730957,
    0.12833300232887268,
    0.21511544287204742,
    0.1893692910671234,
    0.10017673671245575,
    0.08692485094070435,
    0.1250295490026474,
    0.13242307305335999
  ],
  "f1_record": [
    0.13164561303919087,
    0.14516895916417447,
    0.14761531758285004,
    0.15604008715162268,
    0.15844416463008398,
    0.15856785046805552
  ]
}